"","environment","filter","value"
"1","dev","Payment due",1
"2","dev","All bookings",1
"3","dev","Payment due",1
"4","dev","All bookings",1
"5","dev","All bookings",1
"6","dev","Fully paid",1
"7","dev","Return needed",1
"8","dev","Fully ticketed",1
"9","dev","Return needed",1
"10","prod","Fully paid",1
"11","prod","Payment due",2
"12","prod","All bookings",3
"13","prod","Payment due",1
"14","prod","All bookings",1
"15","prod","All bookings",4
"16","prod","Fully paid",1
"17","prod","Return needed",1
"18","prod","Fully ticketed",1
"19","prod","Return needed",1
"20","prod","Fully paid",1
