"","date","hour","source","medium","sessions"
"1",2017-04-04,"14","(direct)","(none)",2
"2",2017-04-04,"14","lm.facebook.com","referral",1
"3",2017-04-04,"15","(direct)","(none)",4
"4",2017-04-04,"16","(direct)","(none)",4
"5",2017-04-04,"17","(direct)","(none)",3
"6",2017-04-04,"17","t.co","referral",1
"7",2017-04-04,"18","(direct)","(none)",2
"8",2017-04-04,"20","(direct)","(none)",1
"9",2017-04-04,"20","t.co","referral",1
"10",2017-04-04,"21","(direct)","(none)",1
"11",2017-04-04,"21","t.co","referral",0
"12",2017-04-04,"22","google","organic",1
"13",2017-04-05,"07","google","organic",1
"14",2017-04-05,"08","t.co","referral",2
"15",2017-04-05,"09","(direct)","(none)",1
"16",2017-04-05,"11","(direct)","(none)",1
"17",2017-04-05,"17","(direct)","(none)",1
"18",2017-04-05,"18","t.co","referral",1
"19",2017-04-05,"19","(direct)","(none)",3
"20",2017-04-05,"20","(direct)","(none)",0
"21",2017-04-05,"20","t.co","referral",1
"22",2017-04-05,"21","(direct)","(none)",3
"23",2017-04-05,"22","(direct)","(none)",0
"24",2017-04-06,"06","(direct)","(none)",1
"25",2017-04-06,"07","t.co","referral",1
"26",2017-04-06,"17","(direct)","(none)",1
"27",2017-04-06,"19","(direct)","(none)",1
"28",2017-04-06,"22","(direct)","(none)",1
"29",2017-04-07,"18","(direct)","(none)",1
"30",2017-04-07,"21","(direct)","(none)",1
"31",2017-04-08,"10","(direct)","(none)",1
"32",2017-04-08,"11","(direct)","(none)",1
"33",2017-04-08,"15","(direct)","(none)",1
"34",2017-04-08,"16","(direct)","(none)",1
"35",2017-04-09,"14","free-fb-traffic.com","referral",1
"36",2017-04-09,"23","free-fb-traffic.com","referral",1
"37",2017-04-10,"06","free-fb-traffic.com","referral",1
"38",2017-04-10,"08","free-fb-traffic.com","referral",1
"39",2017-04-10,"13","free-fb-traffic.com","referral",1
"40",2017-04-11,"22","(direct)","(none)",4
"41",2017-04-12,"02","linkedin.com","referral",1
"42",2017-04-12,"02","m.facebook.com","referral",1
"43",2017-04-12,"11","(direct)","(none)",1
"44",2017-04-12,"12","(direct)","(none)",1
"45",2017-04-12,"22","(direct)","(none)",1
"46",2017-04-13,"21","(direct)","(none)",1
"47",2017-04-14,"14","(direct)","(none)",1
"48",2017-04-14,"15","(direct)","(none)",0
"49",2017-04-14,"15","facebook.com","referral",1
"50",2017-04-14,"17","facebook.com","referral",1
"51",2017-04-14,"18","facebook.com","referral",1
"52",2017-04-14,"19","facebook.com","referral",0
"53",2017-04-14,"20","(direct)","(none)",1
"54",2017-04-14,"20","facebook.com","referral",1
"55",2017-04-14,"21","facebook.com","referral",1
"56",2017-04-15,"13","facebook.com","referral",1
"57",2017-04-15,"14","facebook.com","referral",0
"58",2017-04-15,"16","(direct)","(none)",1
"59",2017-04-15,"17","(direct)","(none)",0
"60",2017-04-18,"12","(direct)","(none)",1
"61",2017-04-18,"13","(direct)","(none)",1
"62",2017-04-29,"11","t.co","referral",1
"63",2017-05-02,"13","(direct)","(none)",1
"64",2017-05-03,"18","facebook.com","referral",1
"65",2017-05-03,"19","(direct)","(none)",2
"66",2017-05-03,"19","facebook.com","referral",0
"67",2017-05-03,"22","(direct)","(none)",1
"68",2017-05-04,"04","t.co","referral",2
"69",2017-05-04,"20","t.co","referral",2
"70",2017-05-05,"18","t.co","referral",1
"71",2017-05-06,"12","(direct)","(none)",1
"72",2017-05-06,"12","t.co","referral",1
"73",2017-05-06,"15","(direct)","(none)",1
"74",2017-05-06,"16","t.co","referral",1
"75",2017-05-07,"15","(direct)","(none)",1
"76",2017-05-07,"16","(direct)","(none)",1
"77",2017-05-07,"17","(direct)","(none)",1
"78",2017-05-07,"17","beta.bashful.ly","referral",1
"79",2017-05-07,"19","(direct)","(none)",2
"80",2017-05-07,"19","linkedin.com","referral",1
"81",2017-05-07,"19","t.co","referral",5
"82",2017-05-08,"01","t.co","referral",1
"83",2017-05-08,"07","t.co","referral",1
"84",2017-05-08,"08","t.co","referral",1
"85",2017-05-08,"11","m.facebook.com","referral",1
"86",2017-05-08,"11","t.co","referral",1
"87",2017-05-08,"17","t.co","referral",1
"88",2017-05-09,"05","t.co","referral",1
"89",2017-05-09,"06","t.co","referral",1
"90",2017-05-09,"08","t.co","referral",1
"91",2017-05-09,"12","(direct)","(none)",2
"92",2017-05-09,"13","(direct)","(none)",0
"93",2017-05-09,"19","(direct)","(none)",1
"94",2017-05-09,"19","t.co","referral",1
"95",2017-05-09,"22","(direct)","(none)",1
"96",2017-05-10,"08","t.co","referral",1
"97",2017-05-13,"17","t.co","referral",1
"98",2017-05-16,"04","google","organic",1
"99",2017-05-17,"01","piulatte.cz","referral",1
"100",2017-05-19,"04","(direct)","(none)",1
"101",2017-05-19,"15","google","organic",1
"102",2017-05-19,"19","piulatte.cz","referral",1
"103",2017-05-20,"18","google","organic",1
"104",2017-05-22,"05","google","organic",1
"105",2017-05-22,"07","google","organic",1
"106",2017-05-24,"23","google","organic",1
"107",2017-05-26,"04","piulatte.cz","referral",1
"108",2017-05-28,"16","google","organic",1
"109",2017-05-29,"01","google","organic",1
"110",2017-05-29,"07","google","organic",1
"111",2017-05-31,"21","(direct)","(none)",1
"112",2017-06-07,"05","linkedin.com","referral",1
"113",2017-06-07,"05","m.facebook.com","referral",2
"114",2017-06-07,"09","(direct)","(none)",1
"115",2017-06-16,"12","(direct)","(none)",2
"116",2017-06-16,"12","t.co","referral",1
"117",2017-06-16,"13","(direct)","(none)",2
"118",2017-06-17,"11","(direct)","(none)",1
"119",2017-06-17,"15","(direct)","(none)",1
"120",2017-06-17,"16","(direct)","(none)",1
"121",2017-06-18,"17","(direct)","(none)",2
"122",2017-06-18,"18","(direct)","(none)",1
"123",2017-06-19,"17","(direct)","(none)",1
"124",2017-06-20,"11","neilch.blogspot.co.uk","referral",1
"125",2017-06-20,"16","neilch.blogspot.co.uk","referral",1
"126",2017-06-20,"20","(direct)","(none)",1
"127",2017-06-21,"05","neilch.blogspot.co.uk","referral",1
"128",2017-06-21,"17","neilch.blogspot.co.uk","referral",1
"129",2017-06-21,"20","neilch.blogspot.com.br","referral",1
"130",2017-06-22,"11","(direct)","(none)",1
"131",2017-06-22,"21","(direct)","(none)",1
"132",2017-06-23,"07","(direct)","(none)",1
"133",2017-06-23,"21","(direct)","(none)",1
"134",2017-06-23,"22","(direct)","(none)",0
"135",2017-06-25,"08","(direct)","(none)",1
"136",2017-06-25,"09","(direct)","(none)",1
"137",2017-06-25,"11","(direct)","(none)",1
"138",2017-06-25,"14","(direct)","(none)",1
"139",2017-06-25,"18","neilch.blogspot.co.uk","referral",1
"140",2017-06-25,"20","(direct)","(none)",1
"141",2017-06-25,"20","t.co","referral",1
"142",2017-06-26,"19","(direct)","(none)",2
"143",2017-06-26,"19","facebook.com","referral",1
"144",2017-06-26,"21","(direct)","(none)",1
"145",2017-06-27,"19","(direct)","(none)",1
"146",2017-06-27,"21","(direct)","(none)",1
"147",2017-06-29,"18","(direct)","(none)",1
"148",2017-07-02,"10","(direct)","(none)",1
"149",2017-07-03,"11","(direct)","(none)",1
"150",2017-07-03,"16","(direct)","(none)",1
"151",2017-07-03,"20","(direct)","(none)",1
"152",2017-07-03,"21","(direct)","(none)",1
"153",2017-07-05,"07","(direct)","(none)",1
"154",2017-07-05,"22","earn-from-articles.com","referral",1
"155",2017-07-06,"12","earn-from-articles.com","referral",1
"156",2017-07-06,"20","(direct)","(none)",1
"157",2017-07-06,"20","earn-from-articles.com","referral",1
"158",2017-07-06,"21","earn-from-articles.com","referral",1
"159",2017-07-06,"21","facebook.com","referral",1
"160",2017-07-06,"22","(direct)","(none)",1
"161",2017-07-07,"15","(direct)","(none)",2
"162",2017-07-07,"15","neilch.blogspot.co.uk","referral",1
"163",2017-07-07,"21","(direct)","(none)",1
"164",2017-07-07,"21","beta.bashful.ly","referral",1
"165",2017-07-08,"10","(direct)","(none)",1
"166",2017-07-08,"11","(direct)","(none)",1
"167",2017-07-08,"12","(direct)","(none)",0
"168",2017-07-08,"13","(direct)","(none)",1
"169",2017-07-08,"16","(direct)","(none)",1
"170",2017-07-08,"18","(direct)","(none)",1
"171",2017-07-08,"20","(direct)","(none)",1
"172",2017-07-09,"19","(direct)","(none)",1
"173",2017-07-09,"20","(direct)","(none)",0
"174",2017-07-09,"21","(direct)","(none)",1
"175",2017-07-09,"21","m.facebook.com","referral",1
"176",2017-07-10,"19","(direct)","(none)",2
"177",2017-07-10,"20","(direct)","(none)",2
"178",2017-07-10,"21","(direct)","(none)",1
"179",2017-07-10,"22","(direct)","(none)",1
"180",2017-07-11,"15","(direct)","(none)",1
"181",2017-07-11,"15","m.facebook.com","referral",1
"182",2017-07-11,"19","(direct)","(none)",2
"183",2017-07-11,"23","(direct)","(none)",1
"184",2017-07-13,"16","(direct)","(none)",2
"185",2017-07-14,"12","(direct)","(none)",1
"186",2017-07-14,"19","(direct)","(none)",14
"187",2017-07-14,"20","(direct)","(none)",1
"188",2017-07-14,"21","(direct)","(none)",1
"189",2017-07-15,"18","sell-fb-group-here.com","referral",2
"190",2017-07-16,"09","sell-fb-group-here.com","referral",1
"191",2017-07-18,"20","(direct)","(none)",1
"192",2017-07-18,"20","facebook.com","referral",1
"193",2017-07-18,"21","(direct)","(none)",4
"194",2017-07-19,"08","5-steps-to-start-business.com","referral",1
"195",2017-07-19,"11","(direct)","(none)",2
"196",2017-07-19,"11","facebook.com","referral",1
"197",2017-07-19,"12","(direct)","(none)",0
"198",2017-07-19,"12","facebook.com","referral",0
"199",2017-07-19,"15","(direct)","(none)",1
"200",2017-07-19,"16","5-steps-to-start-business.com","referral",1
"201",2017-07-19,"20","(direct)","(none)",1
"202",2017-07-19,"20","facebook.com","referral",1
"203",2017-07-19,"21","(direct)","(none)",2
"204",2017-07-19,"21","facebook.com","referral",1
"205",2017-07-19,"22","(direct)","(none)",5
"206",2017-07-20,"00","5-steps-to-start-business.com","referral",1
"207",2017-07-20,"07","(direct)","(none)",1
"208",2017-07-20,"08","(direct)","(none)",1
"209",2017-07-20,"09","5-steps-to-start-business.com","referral",1
"210",2017-07-20,"12","(direct)","(none)",2
"211",2017-07-21,"15","(direct)","(none)",1
"212",2017-07-24,"11","t.co","referral",1
"213",2017-07-24,"19","(direct)","(none)",1
"214",2017-07-24,"20","(direct)","(none)",1
"215",2017-07-24,"21","(direct)","(none)",1
"216",2017-07-24,"22","(direct)","(none)",1
"217",2017-07-24,"22","admin.mailerlite.com","referral",1
"218",2017-07-26,"11","(direct)","(none)",1
"219",2017-07-26,"11","<U+1E37>.com","referral",1
"220",2017-07-26,"11","t.co","referral",1
"221",2017-07-26,"11","uptimerobot.com","referral",1
"222",2017-07-26,"12","uptimerobot.com","referral",0
"223",2017-07-26,"16","(direct)","(none)",1
"224",2017-07-26,"18","(direct)","(none)",2
"225",2017-07-26,"19","(direct)","(none)",0
"226",2017-07-26,"19","uptimerobot.com","referral",1
"227",2017-07-26,"21","(direct)","(none)",1
"228",2017-07-26,"21","<U+1E37>.com","referral",1
"229",2017-07-26,"22","(direct)","(none)",3
"230",2017-07-27,"07","(direct)","(none)",1
"231",2017-07-27,"11","(direct)","(none)",1
"232",2017-07-27,"12","(direct)","(none)",1
"233",2017-07-27,"20","(direct)","(none)",1
"234",2017-07-28,"11","(direct)","(none)",1
"235",2017-07-28,"13","(direct)","(none)",1
"236",2017-07-28,"13","facebook.com","referral",1
"237",2017-07-28,"17","(direct)","(none)",1
"238",2017-07-28,"18","(direct)","(none)",2
"239",2017-07-29,"09","(direct)","(none)",2
"240",2017-07-29,"10","(direct)","(none)",1
"241",2017-07-29,"11","(direct)","(none)",1
"242",2017-07-29,"14","(direct)","(none)",1
"243",2017-07-29,"15","(direct)","(none)",3
"244",2017-07-29,"16","(direct)","(none)",1
"245",2017-07-29,"17","(direct)","(none)",1
"246",2017-07-29,"19","(direct)","(none)",1
"247",2017-07-29,"20","(direct)","(none)",1
"248",2017-07-29,"21","(direct)","(none)",1
"249",2017-07-30,"10","(direct)","(none)",1
"250",2017-07-30,"18","(direct)","(none)",4
"251",2017-07-30,"19","(direct)","(none)",1
"252",2017-07-30,"21","(direct)","(none)",1
"253",2017-07-30,"22","(direct)","(none)",2
"254",2017-07-31,"07","(direct)","(none)",1
"255",2017-07-31,"07","facebook.com","referral",1
"256",2017-07-31,"12","(direct)","(none)",1
"257",2017-07-31,"17","(direct)","(none)",1
"258",2017-07-31,"18","(direct)","(none)",1
"259",2017-08-01,"16","(direct)","(none)",1
"260",2017-08-01,"19","(direct)","(none)",1
"261",2017-08-01,"21","(direct)","(none)",1
"262",2017-08-01,"21","m.facebook.com","referral",1
"263",2017-08-02,"17","(direct)","(none)",1
"264",2017-08-02,"21","(direct)","(none)",1
"265",2017-08-02,"22","(direct)","(none)",3
"266",2017-08-04,"19","(direct)","(none)",6
"267",2017-08-04,"20","(direct)","(none)",1
"268",2017-08-05,"07","(direct)","(none)",1
"269",2017-08-05,"08","(direct)","(none)",0
"270",2017-08-05,"09","(direct)","(none)",0
"271",2017-08-06,"11","(direct)","(none)",1
"272",2017-08-07,"20","(direct)","(none)",1
"273",2017-08-09,"22","(direct)","(none)",3
"274",2017-08-10,"02","(direct)","(none)",1
"275",2017-08-10,"13","(direct)","(none)",1
"276",2017-08-10,"15","(direct)","(none)",1
"277",2017-08-10,"16","(direct)","(none)",1
"278",2017-08-14,"18","(direct)","(none)",1
"279",2017-08-14,"18","facebook.com","referral",1
"280",2017-08-14,"19","(direct)","(none)",1
"281",2017-08-14,"19","facebook.com","referral",1
"282",2017-08-14,"20","(direct)","(none)",1
"283",2017-08-14,"21","(direct)","(none)",1
"284",2017-08-14,"21","facebook.com","referral",1
"285",2017-08-15,"17","(direct)","(none)",1
"286",2017-08-15,"18","(direct)","(none)",2
"287",2017-08-15,"19","(direct)","(none)",1
"288",2017-08-15,"21","(direct)","(none)",27
"289",2017-08-15,"21","accounts.google.com","referral",1
"290",2017-08-15,"21","facebook.com","referral",23
"291",2017-08-16,"14","blackhatworld.com","referral",1
"292",2017-08-16,"22","(direct)","(none)",3
"293",2017-08-17,"12","(direct)","(none)",2
"294",2017-08-17,"17","(direct)","(none)",1
"295",2017-08-17,"18","(direct)","(none)",3
"296",2017-08-17,"19","(direct)","(none)",2
"297",2017-08-17,"20","(direct)","(none)",3
"298",2017-08-17,"20","accounts.google.com","referral",2
"299",2017-08-17,"21","(direct)","(none)",1
"300",2017-08-17,"21","accounts.google.com","referral",0
"301",2017-08-18,"05","t.co","referral",1
"302",2017-08-18,"14","(direct)","(none)",1
"303",2017-08-18,"15","(direct)","(none)",1
"304",2017-08-18,"16","(direct)","(none)",6
"305",2017-08-18,"18","(direct)","(none)",1
"306",2017-08-18,"19","(direct)","(none)",2
"307",2017-08-18,"19","m.facebook.com","referral",1
"308",2017-08-18,"20","accounts.google.com","referral",1
"309",2017-08-18,"20","uptimerobot.com","referral",1
"310",2017-08-18,"21","m.facebook.com","referral",1
"311",2017-08-18,"23","(direct)","(none)",2
"312",2017-08-18,"23","m.facebook.com","referral",1
"313",2017-08-19,"07","(direct)","(none)",1
"314",2017-08-19,"08","accounts.google.com","referral",1
"315",2017-08-19,"08","uptimerobot.com","referral",1
"316",2017-08-19,"12","(direct)","(none)",1
"317",2017-08-19,"12","accounts.google.com","referral",1
"318",2017-08-19,"12","uptimerobot.com","referral",1
"319",2017-08-19,"17","(direct)","(none)",1
"320",2017-08-19,"18","(direct)","(none)",1
"321",2017-08-19,"19","(direct)","(none)",1
"322",2017-08-19,"19","m.facebook.com","referral",1
"323",2017-08-20,"09","accounts.google.com","referral",1
"324",2017-08-20,"09","uptimerobot.com","referral",1
"325",2017-08-20,"10","uptimerobot.com","referral",1
"326",2017-08-20,"11","accounts.google.com","referral",1
"327",2017-08-20,"11","m.facebook.com","referral",1
"328",2017-08-20,"11","uptimerobot.com","referral",1
"329",2017-08-20,"12","m.facebook.com","referral",0
"330",2017-08-20,"12","uptimerobot.com","referral",0
"331",2017-08-21,"07","uptimerobot.com","referral",1
"332",2017-08-21,"17","m.facebook.com","referral",1
"333",2017-08-21,"20","(direct)","(none)",22
"334",2017-08-21,"20","facebook.com","referral",21
"335",2017-08-21,"21","(direct)","(none)",60
"336",2017-08-21,"21","accounts.google.com","referral",1
"337",2017-08-21,"21","facebook.com","referral",52
"338",2017-08-21,"21","uptimerobot.com","referral",1
"339",2017-08-21,"22","m.facebook.com","referral",1
"340",2017-08-22,"07","accounts.google.com","referral",1
"341",2017-08-22,"07","m.facebook.com","referral",1
"342",2017-08-22,"07","uptimerobot.com","referral",1
"343",2017-08-22,"08","(direct)","(none)",1
"344",2017-08-22,"08","t.co","referral",2
"345",2017-08-22,"08","uptimerobot.com","referral",0
"346",2017-08-22,"13","(direct)","(none)",7
"347",2017-08-22,"13","accounts.google.com","referral",2
"348",2017-08-22,"13","m.facebook.com","referral",2
"349",2017-08-22,"14","(direct)","(none)",1
"350",2017-08-22,"14","accounts.google.com","referral",2
"351",2017-08-22,"14","t.co","referral",1
"352",2017-08-22,"16","(direct)","(none)",1
"353",2017-08-22,"16","accounts.google.com","referral",1
"354",2017-08-22,"16","t.co","referral",1
"355",2017-08-22,"17","m.facebook.com","referral",1
"356",2017-08-22,"17","t.co","referral",2
"357",2017-08-22,"18","accounts.google.com","referral",1
"358",2017-08-22,"18","t.co","referral",1
"359",2017-08-22,"19","accounts.google.com","referral",0
"360",2017-08-22,"19","m.facebook.com","referral",1
"361",2017-08-22,"19","t.co","referral",1
"362",2017-08-22,"20","(direct)","(none)",3
"363",2017-08-22,"20","facebook.com","referral",2
"364",2017-08-22,"20","m.facebook.com","referral",1
"365",2017-08-22,"21","(direct)","(none)",24
"366",2017-08-22,"21","facebook.com","referral",22
"367",2017-08-22,"21","t.co","referral",1
"368",2017-08-23,"06","m.facebook.com","referral",1
"369",2017-08-23,"07","(direct)","(none)",1
"370",2017-08-23,"07","t.co","referral",1
"371",2017-08-23,"10","(direct)","(none)",1
"372",2017-08-23,"11","(direct)","(none)",1
"373",2017-08-23,"12","(direct)","(none)",3
"374",2017-08-23,"12","facebook.com","referral",2
"375",2017-08-23,"16","t.co","referral",1
"376",2017-08-23,"17","(direct)","(none)",1
"377",2017-08-23,"17","accounts.google.com","referral",1
"378",2017-08-23,"17","t.co","referral",1
"379",2017-08-23,"18","(direct)","(none)",0
"380",2017-08-23,"18","accounts.google.com","referral",0
"381",2017-08-23,"19","(direct)","(none)",1
"382",2017-08-23,"19","accounts.google.com","referral",1
"383",2017-08-23,"20","(direct)","(none)",2
"384",2017-08-23,"20","accounts.google.com","referral",0
"385",2017-08-23,"20","t.co","referral",1
"386",2017-08-23,"21","accounts.google.com","referral",0
"387",2017-08-23,"22","(direct)","(none)",3
"388",2017-08-24,"14","(direct)","(none)",1
"389",2017-08-24,"17","accounts.google.com","referral",1
"390",2017-08-24,"17","t.co","referral",1
"391",2017-08-24,"22","accounts.google.com","referral",1
"392",2017-08-24,"22","t.co","referral",1
"393",2017-08-25,"17","(direct)","(none)",1
"394",2017-08-25,"20","(direct)","(none)",3
"395",2017-08-25,"21","(direct)","(none)",0
"396",2017-08-26,"10","(direct)","(none)",1
"397",2017-08-26,"12","(direct)","(none)",1
"398",2017-08-26,"13","(direct)","(none)",0
"399",2017-08-26,"14","(direct)","(none)",1
"400",2017-08-26,"15","(direct)","(none)",0
"401",2017-08-26,"16","(direct)","(none)",1
"402",2017-08-26,"17","(direct)","(none)",1
"403",2017-08-26,"18","(direct)","(none)",1
"404",2017-08-26,"20","(direct)","(none)",1
"405",2017-08-27,"16","(direct)","(none)",2
"406",2017-08-30,"20","accounts.google.com","referral",1
"407",2017-08-30,"20","t.co","referral",1
"408",2017-08-30,"22","(direct)","(none)",3
"409",2017-09-01,"12","(direct)","(none)",1
"410",2017-09-01,"16","(direct)","(none)",2
"411",2017-09-06,"10","accounts.google.com","referral",1
"412",2017-09-06,"20","(direct)","(none)",1
"413",2017-09-07,"00","(direct)","(none)",3
"414",2017-09-09,"16","(direct)","(none)",7
"415",2017-09-14,"15","(direct)","(none)",3
"416",2017-09-15,"13","seojokes.net","referral",2
"417",2017-09-15,"14","accounts.google.com","referral",1
"418",2017-09-20,"15","accounts.google.com","referral",1
"419",2017-09-20,"21","(direct)","(none)",1
"420",2017-09-21,"04","(direct)","(none)",1
"421",2017-09-21,"04","m.facebook.com","referral",1
"422",2017-09-22,"05","(direct)","(none)",3
"423",2017-09-23,"11","accounts.google.com","referral",1
"424",2017-09-23,"11","t.co","referral",1
"425",2017-09-23,"18","(direct)","(none)",1
"426",2017-09-24,"12","(direct)","(none)",2
"427",2017-09-27,"19","(direct)","(none)",2
"428",2017-09-27,"19","accounts.google.com","referral",1
"429",2017-09-27,"19","t.co","referral",1
"430",2017-09-27,"20","(direct)","(none)",3
"431",2017-09-27,"20","accounts.google.com","referral",1
"432",2017-09-27,"20","m.facebook.com","referral",1
"433",2017-09-27,"20","plus.url.google.com","referral",1
"434",2017-09-27,"20","t.co","referral",3
"435",2017-09-27,"21","(direct)","(none)",1
"436",2017-09-27,"21","m.facebook.com","referral",1
"437",2017-09-27,"21","plus.url.google.com","referral",0
"438",2017-09-27,"21","t.co","referral",0
"439",2017-09-28,"06","m.facebook.com","referral",1
"440",2017-09-28,"09","m.facebook.com","referral",1
"441",2017-09-28,"16","(direct)","(none)",1
"442",2017-09-28,"17","(direct)","(none)",1
"443",2017-09-28,"18","(direct)","(none)",0
"444",2017-09-28,"18","m.facebook.com","referral",1
"445",2017-09-28,"19","(direct)","(none)",0
"446",2017-09-28,"20","(direct)","(none)",0
"447",2017-09-28,"20","t.co","referral",1
"448",2017-09-28,"21","(direct)","(none)",1
"449",2017-09-28,"21","plus.url.google.com","referral",1
"450",2017-09-28,"21","t.co","referral",1
"451",2017-09-28,"22","(direct)","(none)",0
"452",2017-09-28,"22","accounts.google.com","referral",1
"453",2017-09-28,"22","plus.url.google.com","referral",1
"454",2017-09-28,"23","(direct)","(none)",0
"455",2017-09-29,"07","(direct)","(none)",4
"456",2017-09-29,"07","t.co","referral",1
"457",2017-09-29,"08","accounts.google.com","referral",1
"458",2017-09-29,"09","(direct)","(none)",1
"459",2017-09-29,"11","(direct)","(none)",1
"460",2017-09-29,"11","m.facebook.com","referral",1
"461",2017-09-29,"13","(direct)","(none)",1
"462",2017-09-29,"16","newsletter","email",1
"463",2017-09-29,"18","(direct)","(none)",6
"464",2017-09-29,"19","(direct)","(none)",0
"465",2017-09-29,"19","accounts.google.com","referral",1
"466",2017-09-30,"03","(direct)","(none)",1
"467",2017-09-30,"15","plus.url.google.com","referral",1
"468",2017-09-30,"16","accounts.google.com","referral",1
"469",2017-09-30,"16","plus.url.google.com","referral",1
"470",2017-09-30,"16","uptimerobot.com","referral",1
"471",2017-09-30,"18","(direct)","(none)",1
"472",2017-09-30,"18","uptimerobot.com","referral",1
"473",2017-09-30,"19","uptimerobot.com","referral",0
"474",2017-09-30,"20","(direct)","(none)",1
"475",2017-09-30,"20","accounts.google.com","referral",1
"476",2017-09-30,"20","uptimerobot.com","referral",1
"477",2017-09-30,"21","accounts.google.com","referral",1
"478",2017-10-01,"09","(direct)","(none)",2
"479",2017-10-01,"10","accounts.google.com","referral",1
"480",2017-10-01,"10","uptimerobot.com","referral",1
"481",2017-10-01,"11","accounts.google.com","referral",1
"482",2017-10-01,"12","m.facebook.com","referral",1
"483",2017-10-01,"13","uptimerobot.com","referral",1
"484",2017-10-01,"14","(direct)","(none)",2
"485",2017-10-01,"14","accounts.google.com","referral",2
"486",2017-10-01,"14","m.facebook.com","referral",1
"487",2017-10-01,"14","uptimerobot.com","referral",1
"488",2017-10-01,"15","(direct)","(none)",2
"489",2017-10-01,"15","accounts.google.com","referral",1
"490",2017-10-01,"15","uptimerobot.com","referral",0
"491",2017-10-01,"16","(direct)","(none)",6
"492",2017-10-01,"16","accounts.google.com","referral",1
"493",2017-10-01,"16","m.facebook.com","referral",1
"494",2017-10-01,"16","uptimerobot.com","referral",1
"495",2017-10-01,"17","(direct)","(none)",4
"496",2017-10-01,"17","facebook.com","referral",2
"497",2017-10-01,"17","m.facebook.com","referral",1
"498",2017-10-01,"17","uptimerobot.com","referral",0
"499",2017-10-01,"18","(direct)","(none)",2
"500",2017-10-01,"18","github.com","referral",2
"501",2017-10-01,"18","m.facebook.com","referral",1
"502",2017-10-01,"19","(direct)","(none)",1
"503",2017-10-01,"19","github.com","referral",1
"504",2017-10-01,"19","m.facebook.com","referral",1
"505",2017-10-01,"19","t.co","referral",1
"506",2017-10-01,"20","github.com","referral",1
"507",2017-10-01,"21","m.facebook.com","referral",1
"508",2017-10-01,"22","github.com","referral",1
"509",2017-10-01,"22","t.co","referral",2
"510",2017-10-02,"06","(direct)","(none)",1
"511",2017-10-02,"08","(direct)","(none)",1
"512",2017-10-02,"08","accounts.google.com","referral",1
"513",2017-10-02,"08","github.com","referral",1
"514",2017-10-02,"08","t.co","referral",1
"515",2017-10-02,"12","m.facebook.com","referral",1
"516",2017-10-02,"15","accounts.google.com","referral",1
"517",2017-10-02,"15","uptimerobot.com","referral",1
"518",2017-10-02,"19","(direct)","(none)",1
"519",2017-10-02,"19","uptimerobot.com","referral",2
"520",2017-10-02,"20","(direct)","(none)",0
"521",2017-10-02,"20","github.com","referral",1
"522",2017-10-02,"21","accounts.google.com","referral",1
"523",2017-10-02,"21","beta.bashful.ly","referral",1
"524",2017-10-02,"21","github.com","referral",1
"525",2017-10-02,"21","uptimerobot.com","referral",1
"526",2017-10-02,"23","(direct)","(none)",2
"527",2017-10-03,"07","neilch.blogspot.co.uk","referral",1
"528",2017-10-03,"11","(direct)","(none)",1
"529",2017-10-03,"19","accounts.google.com","referral",1
"530",2017-10-03,"19","github.com","referral",1
"531",2017-10-03,"19","uptimerobot.com","referral",1
"532",2017-10-03,"20","github.com","referral",1
"533",2017-10-03,"21","accounts.google.com","referral",1
"534",2017-10-04,"06","(direct)","(none)",1
"535",2017-10-04,"06","github.com","referral",1
"536",2017-10-04,"08","github.com","referral",1
"537",2017-10-04,"09","(direct)","(none)",1
"538",2017-10-04,"09","accounts.google.com","referral",1
"539",2017-10-04,"09","uptimerobot.com","referral",1
"540",2017-10-04,"12","(direct)","(none)",1
"541",2017-10-04,"14","accounts.google.com","referral",1
"542",2017-10-04,"14","uptimerobot.com","referral",1
"543",2017-10-04,"15","github.com","referral",1
"544",2017-10-04,"16","github.com","referral",0
"545",2017-10-04,"17","accounts.google.com","referral",1
"546",2017-10-04,"17","uptimerobot.com","referral",1
"547",2017-10-04,"18","github.com","referral",1
"548",2017-10-04,"20","accounts.google.com","referral",1
"549",2017-10-04,"20","uptimerobot.com","referral",1
"550",2017-10-04,"21","accounts.google.com","referral",1
"551",2017-10-05,"05","t.co","referral",1
"552",2017-10-05,"15","(direct)","(none)",2
"553",2017-10-05,"15","accounts.google.com","referral",1
"554",2017-10-05,"20","accounts.google.com","referral",1
"555",2017-10-05,"20","uptimerobot.com","referral",1
"556",2017-10-05,"21","accounts.google.com","referral",1
"557",2017-10-05,"21","uptimerobot.com","referral",1
"558",2017-10-05,"22","accounts.google.com","referral",1
"559",2017-10-06,"02","t.co","referral",1
"560",2017-10-06,"08","(direct)","(none)",3
"561",2017-10-06,"11","(direct)","(none)",6
"562",2017-10-06,"11","facebook.com","referral",6
"563",2017-10-06,"12","(direct)","(none)",12
"564",2017-10-06,"12","facebook.com","referral",10
"565",2017-10-06,"18","accounts.google.com","referral",1
"566",2017-10-06,"18","uptimerobot.com","referral",1
"567",2017-10-07,"16","accounts.google.com","referral",1
"568",2017-10-07,"16","beta.bashful.ly","referral",1
"569",2017-10-07,"16","uptimerobot.com","referral",1
"570",2017-10-07,"17","(direct)","(none)",1
"571",2017-10-07,"17","accounts.google.com","referral",2
"572",2017-10-07,"17","uptimerobot.com","referral",1
"573",2017-10-07,"18","(direct)","(none)",0
"574",2017-10-07,"21","accounts.google.com","referral",1
"575",2017-10-08,"09","t.co","referral",1
"576",2017-10-08,"20","accounts.google.com","referral",1
"577",2017-10-09,"12","t.co","referral",1
"578",2017-10-09,"13","(direct)","(none)",1
"579",2017-10-09,"16","accounts.google.com","referral",1
"580",2017-10-09,"17","accounts.google.com","referral",1
"581",2017-10-09,"17","uptimerobot.com","referral",1
"582",2017-10-09,"18","(direct)","(none)",1
"583",2017-10-09,"19","(direct)","(none)",0
"584",2017-10-09,"22","uptimerobot.com","referral",1
"585",2017-10-10,"18","(direct)","(none)",1
"586",2017-10-10,"19","(direct)","(none)",0
"587",2017-10-10,"21","github.com","referral",1
"588",2017-10-10,"22","accounts.google.com","referral",1
"589",2017-10-11,"11","(direct)","(none)",2
"590",2017-10-11,"12","(direct)","(none)",1
"591",2017-10-11,"16","(direct)","(none)",1
"592",2017-10-11,"19","(direct)","(none)",1
"593",2017-10-11,"20","(direct)","(none)",0
"594",2017-10-11,"22","github.com","referral",1
"595",2017-10-12,"06","github.com","referral",1
"596",2017-10-13,"10","(direct)","(none)",3
"597",2017-10-13,"18","github.com","referral",1
"598",2017-10-14,"16","uptimerobot.com","referral",1
"599",2017-10-14,"20","github.com","referral",1
"600",2017-10-15,"16","accounts.google.com","referral",1
"601",2017-10-15,"18","accounts.google.com","referral",1
"602",2017-10-15,"18","github.com","referral",1
"603",2017-10-15,"19","github.com","referral",0
"604",2017-10-18,"18","(direct)","(none)",1
"605",2017-10-18,"20","(direct)","(none)",1
"606",2017-10-18,"20","github.com","referral",1
"607",2017-10-18,"21","github.com","referral",0
"608",2017-10-19,"15","(direct)","(none)",2
"609",2017-10-20,"07","(direct)","(none)",3
"610",2017-10-23,"13","medium.com","referral",1
"611",2017-10-23,"17","uptimerobot.com","referral",1
"612",2017-10-23,"20","github.com","referral",1
"613",2017-10-23,"20","uptimerobot.com","referral",1
"614",2017-10-23,"22","github.com","referral",1
"615",2017-10-24,"21","github.com","referral",1
"616",2017-10-24,"21","uptimerobot.com","referral",1
"617",2017-10-24,"22","uptimerobot.com","referral",1
"618",2017-10-25,"14","t.co","referral",1
"619",2017-10-26,"06","(direct)","(none)",1
"620",2017-10-26,"07","(direct)","(none)",0
"621",2017-10-26,"16","uptimerobot.com","referral",1
"622",2017-10-27,"07","(direct)","(none)",3
"623",2017-10-27,"20","(direct)","(none)",1
"624",2017-10-28,"11","github.com","referral",2
"625",2017-10-28,"11","uptimerobot.com","referral",1
"626",2017-10-28,"12","(direct)","(none)",1
"627",2017-10-28,"15","(direct)","(none)",2
"628",2017-10-28,"22","github.com","referral",1
"629",2017-10-31,"19","github.com","referral",1
"630",2017-10-31,"21","github.com","referral",1
"631",2017-11-01,"18","github.com","referral",1
"632",2017-11-01,"19","github.com","referral",1
"633",2017-11-01,"22","github.com","referral",1
"634",2017-11-02,"21","github.com","referral",1
"635",2017-11-03,"07","(direct)","(none)",3
"636",2017-11-04,"17","t.co","referral",1
"637",2017-11-04,"21","github.com","referral",1
"638",2017-11-05,"11","(direct)","(none)",1
"639",2017-11-05,"15","(direct)","(none)",1
"640",2017-11-05,"16","(direct)","(none)",1
"641",2017-11-05,"16","beta.bashful.ly","referral",1
"642",2017-11-05,"16","github.com","referral",1
"643",2017-11-05,"20","github.com","referral",1
"644",2017-11-07,"21","(direct)","(none)",1
"645",2017-11-07,"22","github.com","referral",1
